{
  "version": 2,
  "builds": [
    {
      "src": "api/index.js",
      "use": "@vercel/node",
      "config": {
        "maxLambdaSize": "50mb",
        "includeFiles": [
          "models/**",
          "routes/**",
          "services/**",
          "middleware/**",
          "utils/**",
          "package.json"
        ]
      }
    },
    {
      "src": "public/**",
      "use": "@vercel/static"
    },
    {
      "src": "asset/**",
      "use": "@vercel/static"
    }
  ],
  "routes": [
    {
      "src": "/(.*\\.(js|css|png|jpg|jpeg|gif|svg|ico|woff|woff2|ttf|eot|html))",
      "dest": "/$1"
    },
    {
      "src": "/asset/(.*)",
      "dest": "/asset/$1"
    },
    {
      "src": "/(.*)",
      "dest": "/api/index.js"
    }
  ],
  "env": {
    "NODE_ENV": "production"
  },
  "functions": {
    "api/index.js": {
      "maxDuration": 60,
      "memory": 1024,
      "regions": ["iad1"]
    }
  },
  "headers": [
    {
      "source": "/api/(.*)",
      "headers": [
        {
          "key": "Cache-Control",
          "value": "public, s-maxage=60, stale-while-revalidate=120"
        },
        {
          "key": "Access-Control-Allow-Origin",
          "value": "*"
        },
        {
          "key": "Access-Control-Allow-Methods",
          "value": "GET, POST, PUT, DELETE, OPTIONS"
        },
        {
          "key": "Access-Control-Allow-Headers",
          "value": "Content-Type, Authorization, X-Requested-With"
        },
        {
          "key": "X-Content-Type-Options",
          "value": "nosniff"
        },
        {
          "key": "X-Frame-Options",
          "value": "DENY"
        },
        {
          "key": "X-XSS-Protection",
          "value": "1; mode=block"
        },
        {
          "key": "Referrer-Policy",
          "value": "strict-origin-when-cross-origin"
        },
        {
          "key": "Permissions-Policy",
          "value": "geolocation=(), microphone=(), camera=()"
        }
      ]
    },
    {
      "source": "/public/(.*)",
      "headers": [
        {
          "key": "Cache-Control",
          "value": "public, max-age=31536000, immutable"
        }
      ]
    },
    {
      "source": "/asset/(.*)",
      "headers": [
        {
          "key": "Cache-Control",
          "value": "public, max-age=31536000, immutable"
        }
      ]
    },
    {
      "source": "/(.*\\.(js|css|png|jpg|jpeg|gif|svg|ico|woff|woff2|ttf|eot))",
      "headers": [
        {
          "key": "Cache-Control",
          "value": "public, max-age=31536000, immutable"
        }
      ]
    },
    {
      "source": "/health",
      "headers": [
        {
          "key": "Cache-Control",
          "value": "no-cache, no-store, must-revalidate"
        }
      ]
    }
  ],
  "redirects": [
    {
      "source": "/home",
      "destination": "/",
      "permanent": true
    }
  ],
  "rewrites": [
    {
      "source": "/docs",
      "destination": "/api/docs"
    }
  ],
  "trailingSlash": false,
  "cleanUrls": true,
  "github": {
    "silent": true
  }
}
